"Path","LineNumber","Line"
"C:\Users\Lynn\lesson-spark-usa\src\components\admin\EnrollmentAnalyticsPanel.tsx","49","  '#3b82f6', // blue"
"C:\Users\Lynn\lesson-spark-usa\src\components\admin\EnrollmentAnalyticsPanel.tsx","50","  '#22c55e', // green"
"C:\Users\Lynn\lesson-spark-usa\src\components\admin\EnrollmentAnalyticsPanel.tsx","51","  '#f59e0b', // amber"
"C:\Users\Lynn\lesson-spark-usa\src\components\admin\EnrollmentAnalyticsPanel.tsx","52","  '#ef4444', // red"
"C:\Users\Lynn\lesson-spark-usa\src\components\admin\EnrollmentAnalyticsPanel.tsx","53","  '#8b5cf6', // violet"
"C:\Users\Lynn\lesson-spark-usa\src\components\admin\EnrollmentAnalyticsPanel.tsx","54","  '#ec4899', // pink"
"C:\Users\Lynn\lesson-spark-usa\src\components\admin\EnrollmentAnalyticsPanel.tsx","55","  '#06b6d4', // cyan"
"C:\Users\Lynn\lesson-spark-usa\src\components\admin\EnrollmentAnalyticsPanel.tsx","56","  '#84cc16', // lime"
"C:\Users\Lynn\lesson-spark-usa\src\components\admin\FeedbackQuestionsManager.tsx","324","      textarea: 'bg-gray-100 text-gray-800',"
"C:\Users\Lynn\lesson-spark-usa\src\components\admin\FeedbackQuestionsManager.tsx","326","    return colors[type] || 'bg-gray-100 text-gray-800';"
"C:\Users\Lynn\lesson-spark-usa\src\components\admin\FeedbackQuestionsManager.tsx","572","                      placeholder=""value|Label|#color (one per line)&#10;e.g.:&#10;yes|Yes, definitely|#22c55e&#10;no|No|#ef4444"""
"C:\Users\Lynn\lesson-spark-usa\src\components\admin\TenantBrandingPanel.tsx","372","                  placeholder=""#E4572E"""
"C:\Users\Lynn\lesson-spark-usa\src\components\admin\TenantBrandingPanel.tsx","391","                  placeholder=""#1F2937"""
"C:\Users\Lynn\lesson-spark-usa\src\components\analytics\BetaAnalyticsDashboard.tsx","135","const CHART_COLORS = ['#22c55e', '#84cc16', '#eab308', '#f97316', '#ef4444'];"
"C:\Users\Lynn\lesson-spark-usa\src\components\analytics\BetaAnalyticsDashboard.tsx","137","  promoter: '#22c55e',"
"C:\Users\Lynn\lesson-spark-usa\src\components\analytics\BetaAnalyticsDashboard.tsx","138","  passive: '#eab308',"
"C:\Users\Lynn\lesson-spark-usa\src\components\analytics\BetaAnalyticsDashboard.tsx","139","  detractor: '#ef4444',"
"C:\Users\Lynn\lesson-spark-usa\src\components\analytics\BetaAnalyticsDashboard.tsx","406","      'very-easy': '#22c55e',"
"C:\Users\Lynn\lesson-spark-usa\src\components\analytics\BetaAnalyticsDashboard.tsx","407","      'easy': '#84cc16',"
"C:\Users\Lynn\lesson-spark-usa\src\components\analytics\BetaAnalyticsDashboard.tsx","408","      'moderate': '#eab308',"
"C:\Users\Lynn\lesson-spark-usa\src\components\analytics\BetaAnalyticsDashboard.tsx","409","      'difficult': '#f97316',"
"C:\Users\Lynn\lesson-spark-usa\src\components\analytics\BetaAnalyticsDashboard.tsx","410","      'very-difficult': '#ef4444',"
"C:\Users\Lynn\lesson-spark-usa\src\components\analytics\BetaAnalyticsDashboard.tsx","416","        fill: colors[key] || '#94a3b8',"
"C:\Users\Lynn\lesson-spark-usa\src\components\analytics\BetaAnalyticsDashboard.tsx","430","      'excellent': '#22c55e',"
"C:\Users\Lynn\lesson-spark-usa\src\components\analytics\BetaAnalyticsDashboard.tsx","431","      'good': '#84cc16',"
"C:\Users\Lynn\lesson-spark-usa\src\components\analytics\BetaAnalyticsDashboard.tsx","432","      'fair': '#eab308',"
"C:\Users\Lynn\lesson-spark-usa\src\components\analytics\BetaAnalyticsDashboard.tsx","433","      'poor': '#ef4444',"
"C:\Users\Lynn\lesson-spark-usa\src\components\analytics\BetaAnalyticsDashboard.tsx","439","        fill: colors[key] || '#94a3b8',"
"C:\Users\Lynn\lesson-spark-usa\src\components\analytics\BetaAnalyticsDashboard.tsx","453","      'yes-definitely': '#22c55e',"
"C:\Users\Lynn\lesson-spark-usa\src\components\analytics\BetaAnalyticsDashboard.tsx","454","      'yes-probably': '#84cc16',"
"C:\Users\Lynn\lesson-spark-usa\src\components\analytics\BetaAnalyticsDashboard.tsx","455","      'maybe': '#eab308',"
"C:\Users\Lynn\lesson-spark-usa\src\components\analytics\BetaAnalyticsDashboard.tsx","456","      'no': '#ef4444',"
"C:\Users\Lynn\lesson-spark-usa\src\components\analytics\BetaAnalyticsDashboard.tsx","462","        fill: colors[key] || '#94a3b8',"
"C:\Users\Lynn\lesson-spark-usa\src\components\analytics\BetaAnalyticsDashboard.tsx","535","        return <Badge className={easeColors[value as string] || 'bg-gray-100'}>{value}</Badge>;"
"C:\Users\Lynn\lesson-spark-usa\src\components\analytics\BetaAnalyticsDashboard.tsx","543","        return <Badge className={qualityColors[value as string] || 'bg-gray-100'}>{value}</Badge>;"
"C:\Users\Lynn\lesson-spark-usa\src\components\analytics\BetaAnalyticsDashboard.tsx","610","                  <div className=""bg-slate-50 border border-slate-200 rounded-lg p-3 text-center"">"
"C:\Users\Lynn\lesson-spark-usa\src\components\analytics\BetaAnalyticsDashboard.tsx","611","                    <div className=""text-2xl font-bold text-slate-700"">{trialStats.no_trial}</div>"
"C:\Users\Lynn\lesson-spark-usa\src\components\analytics\BetaAnalyticsDashboard.tsx","612","                    <div className=""text-xs text-slate-600"">{TRIAL_UI.noTrialLabel}</div>"
"C:\Users\Lynn\lesson-spark-usa\src\components\analytics\BetaAnalyticsDashboard.tsx","994","            <div className=""bg-slate-50 rounded-lg p-3 space-y-1"">"
"C:\Users\Lynn\lesson-spark-usa\src\components\dashboard\BibleVersionSelector.tsx","119","                className=""flex items-start space-x-3 rounded-md border border-green-200 bg-white p-3 hover:border-green-400 transition-colors"""
"C:\Users\Lynn\lesson-spark-usa\src\components\dashboard\BibleVersionSelector.tsx","155","                className=""flex items-start space-x-3 rounded-md border border-blue-200 bg-white p-3 hover:border-blue-400 transition-colors"""
"C:\Users\Lynn\lesson-spark-usa\src\components\dashboard\DebugPanel.tsx","27","      background: '#111827',"
"C:\Users\Lynn\lesson-spark-usa\src\components\dashboard\DebugPanel.tsx","35","      boxShadow: '0 4px 12px rgba(0,0,0,0.25)',"
"C:\Users\Lynn\lesson-spark-usa\src\components\dashboard\DevotionalLibrary.tsx","137","            .meta { color: #666; font-style: italic; margin-bottom: 24px; }"
"C:\Users\Lynn\lesson-spark-usa\src\components\dashboard\DevotionalLibrary.tsx","138","            h2 { font-size: 18px; margin-top: 24px; margin-bottom: 12px; color: #333; }"
"C:\Users\Lynn\lesson-spark-usa\src\components\dashboard\DevotionalLibrary.tsx","141","            .footer { margin-top: 40px; padding-top: 20px; border-top: 1px solid #ccc; font-size: 12px; color: #666; }"
"C:\Users\Lynn\lesson-spark-usa\src\components\dashboard\DevotionalLibrary.tsx","248","                  <Badge className={`${TARGET_BADGE_COLORS[devotional.target_id] || ""bg-gray-100 text-gray-800""} text-xs`} variant=""secondary"">"
"C:\Users\Lynn\lesson-spark-usa\src\components\dashboard\DevotionalLibrary.tsx","252","                  <Badge className={`${LENGTH_BADGE_COLORS[devotional.length_id] || ""bg-gray-100 text-gray-800""} text-xs`} variant=""secondary"">"
"C:\Users\Lynn\lesson-spark-usa\src\components\dashboard\EnhanceLessonForm.tsx","81","      ? ""bg-green-600 text-white border-green-700"" "
"C:\Users\Lynn\lesson-spark-usa\src\components\dashboard\EnhanceLessonForm.tsx","164","          <CardTitle className=""text-lg text-slate-800"">{title}</CardTitle>"
"C:\Users\Lynn\lesson-spark-usa\src\components\dashboard\EnhanceLessonForm.tsx","900","              <h1 className=""text-2xl font-bold text-slate-800 flex flex-wrap items-center gap-x-2 gap-y-1"">"
"C:\Users\Lynn\lesson-spark-usa\src\components\dashboard\EnhanceLessonForm.tsx","904","              <p className=""text-slate-600 mt-1"">"
"C:\Users\Lynn\lesson-spark-usa\src\components\dashboard\EnhanceLessonForm.tsx","917","                    <h3 className=""font-semibold text-slate-800"">Welcome! Create your first lesson in 3 simple steps.</h3>"
"C:\Users\Lynn\lesson-spark-usa\src\components\dashboard\EnhanceLessonForm.tsx","918","                    <p className=""text-sm text-slate-600 mt-1"">Estimated time: 3 minutes</p>"
"C:\Users\Lynn\lesson-spark-usa\src\components\dashboard\EnhanceLessonForm.tsx","1336","                  <CardTitle className=""text-lg text-slate-800"">"
"C:\Users\Lynn\lesson-spark-usa\src\components\dashboard\EnhanceLessonForm.tsx","1573","                  <span className=""text-sm font-medium text-slate-700"">Preview Mode:</span>"
"C:\Users\Lynn\lesson-spark-usa\src\components\dashboard\EnhanceLessonForm.tsx","1581","                        ? ""bg-primary text-white"""
"C:\Users\Lynn\lesson-spark-usa\src\components\dashboard\EnhanceLessonForm.tsx","1582","                        : ""bg-white text-slate-600 hover:bg-primary/10"""
"C:\Users\Lynn\lesson-spark-usa\src\components\dashboard\EnhanceLessonForm.tsx","1592","                        ? ""bg-amber-500 text-white"""
"C:\Users\Lynn\lesson-spark-usa\src\components\dashboard\EnhanceLessonForm.tsx","1593","                        : ""bg-white text-slate-600 hover:bg-amber-50"""
"C:\Users\Lynn\lesson-spark-usa\src\components\dashboard\EnhanceLessonForm.tsx","1626","              <div className=""mb-3 p-2.5 bg-slate-100 border border-slate-300 rounded-lg opacity-60"">"
"C:\Users\Lynn\lesson-spark-usa\src\components\dashboard\EnhanceLessonForm.tsx","1628","                  <Lock className=""h-4 w-4 text-slate-500"" />"
"C:\Users\Lynn\lesson-spark-usa\src\components\dashboard\EnhanceLessonForm.tsx","1629","                  <span className=""text-sm font-medium text-slate-500"">"
"C:\Users\Lynn\lesson-spark-usa\src\components\dashboard\EnhanceLessonForm.tsx","1670","                        <h3 className=""text-base font-bold text-slate-800 mb-2 flex items-center gap-2"">"
"C:\Users\Lynn\lesson-spark-usa\src\components\dashboard\EnhanceLessonForm.tsx","1671","                          <span className=""inline-flex items-center justify-center w-6 h-6 rounded-full bg-primary text-white text-xs font-bold"">"
"C:\Users\Lynn\lesson-spark-usa\src\components\dashboard\EnhanceLessonForm.tsx","1695","                        className=""bg-slate-50 border border-slate-200 p-4 rounded-lg"""
"C:\Users\Lynn\lesson-spark-usa\src\components\dashboard\EnhanceLessonForm.tsx","1697","                        <h3 className=""text-base font-medium text-slate-500 flex items-center gap-2 mb-2"">"
"C:\Users\Lynn\lesson-spark-usa\src\components\dashboard\EnhanceLessonForm.tsx","1698","                          <span className=""inline-flex items-center justify-center w-6 h-6 rounded-full bg-slate-400 text-white text-xs font-bold"">"
"C:\Users\Lynn\lesson-spark-usa\src\components\dashboard\EnhanceLessonForm.tsx","1701","                          <Lock className=""h-4 w-4 text-slate-400"" />"
"C:\Users\Lynn\lesson-spark-usa\src\components\dashboard\EnhanceLessonForm.tsx","1704","                        <p className=""text-sm text-slate-500 mb-2"">"
"C:\Users\Lynn\lesson-spark-usa\src\components\dashboard\EnhanceLessonForm.tsx","1725","                  <h4 className=""font-semibold text-slate-800 mb-2"">"
"C:\Users\Lynn\lesson-spark-usa\src\components\dashboard\EnhanceLessonForm.tsx","1728","                  <p className=""text-sm text-slate-600 mb-4"">"
"C:\Users\Lynn\lesson-spark-usa\src\components\dashboard\EnhanceLessonForm.tsx","1734","                    className=""bg-amber-500 hover:bg-amber-600 text-white"">"
"C:\Users\Lynn\lesson-spark-usa\src\components\dashboard\LessonExportButtons.tsx","104","    const printContent = `<!DOCTYPE html><html><head><title>${documentTitle}</title><style>@page{margin:1in}body{font-family:Calibri,sans-serif;font-size:11pt;line-height:1.5;max-width:8.5in;margin:0 auto;padding:0}h1{font-size:18pt;margin-bottom:12pt;line-height:1.3}h2{font-size:14pt;margin-top:18pt;margin-bottom:12pt;line-height:1.3}hr{margin:18px 0;border:none;border-top:1px solid #ccc}.metadata{color:#666;font-size:10pt;margin-bottom:18pt;line-height:1.3}.teaser-box{background:#F0F7FF;border:1px solid #3B82F6;border-radius:8px;padding:12pt;margin:18pt 0}.teaser-box h3{color:#3B82F6;margin:0 0 6pt 0;font-size:12pt}.teaser-box p{font-style:italic;margin:0;line-height:1.5}p{margin-bottom:12pt}.copyright-notice{margin-top:36pt;padding-top:12pt;border-top:1px solid #ccc;font-size:9pt;color:#666;font-style:italic;line-height:1.4;text-align:center}</style></head><body><h1>${documentTitle}</h1><div class=""metadata"">${metaItems.join("" | "")}</div>${lesson.metadata?.teaser ? `<div class=""teaser-box""><h3>${EXPORT_FORMATTING.teaserLabel}</h3><p>${lesson.metadata.teaser}</p></div>` : """"}<div>${formattedContent}</div>${copyrightFooter}</body></html>`;"
"C:\Users\Lynn\lesson-spark-usa\src\components\dashboard\LessonLibrary.tsx","73","  ""mixed"": ""bg-gray-100 text-gray-800 border-gray-200"","
"C:\Users\Lynn\lesson-spark-usa\src\components\dashboard\LessonLibrary.tsx","89","const DEFAULT_BADGE_COLOR = ""bg-gray-100 text-gray-800 border-gray-200"";"
"C:\Users\Lynn\lesson-spark-usa\src\components\dashboard\PublicBetaPromptBanner.tsx","156","              <Rocket className=""h-5 w-5 text-white"" />"
"C:\Users\Lynn\lesson-spark-usa\src\components\dashboard\TeacherCustomization.tsx","76","  <span className=""inline-flex items-center justify-center px-4 py-1.5 rounded-full text-sm font-bold bg-sky-500 text-white shadow-md border-2 border-sky-600"">"
"C:\Users\Lynn\lesson-spark-usa\src\components\dashboard\TeacherCustomization.tsx","317","            <CardTitle className=""text-lg text-slate-800"">"
"C:\Users\Lynn\lesson-spark-usa\src\components\dashboard\TeacherCustomization.tsx","323","            <CardDescription className=""text-slate-500 text-xs mt-1"">"
"C:\Users\Lynn\lesson-spark-usa\src\components\feedback\BetaFeedbackForm.tsx","241","        <div className=""flex justify-between text-xs text-gray-500"">"
"C:\Users\Lynn\lesson-spark-usa\src\components\feedback\BetaFeedbackForm.tsx","359","        <h3 className=""text-lg font-semibold text-gray-900 mb-2"">"
"C:\Users\Lynn\lesson-spark-usa\src\components\feedback\BetaFeedbackForm.tsx","362","        <p className=""text-gray-600 mb-4"">{loadError}</p>"
"C:\Users\Lynn\lesson-spark-usa\src\components\feedback\BetaFeedbackForm.tsx","387","        <h3 className=""text-xl font-semibold text-gray-900 mb-2"">"
"C:\Users\Lynn\lesson-spark-usa\src\components\feedback\BetaFeedbackForm.tsx","390","        <p className=""text-gray-600 mb-6"">"
"C:\Users\Lynn\lesson-spark-usa\src\components\help\VideoModal.tsx","66","        <DialogHeader className=""px-6 py-4 border-b bg-slate-50"">"
"C:\Users\Lynn\lesson-spark-usa\src\components\help\VideoModal.tsx","73","                <DialogTitle className=""text-lg font-semibold text-slate-900"">"
"C:\Users\Lynn\lesson-spark-usa\src\components\help\VideoModal.tsx","76","                <div className=""flex items-center gap-2 mt-1 text-sm text-slate-500"">"
"C:\Users\Lynn\lesson-spark-usa\src\components\help\VideoModal.tsx","95","        <div className=""aspect-video bg-slate-900"">"
"C:\Users\Lynn\lesson-spark-usa\src\components\help\VideoModal.tsx","106","            <div className=""w-full h-full flex flex-col items-center justify-center text-slate-400"">"
"C:\Users\Lynn\lesson-spark-usa\src\components\help\VideoModal.tsx","109","              <p className=""text-sm mt-2 text-slate-500 max-w-md text-center px-4"">"
"C:\Users\Lynn\lesson-spark-usa\src\components\help\VideoModal.tsx","117","        <div className=""px-6 py-4 border-t bg-slate-50 flex items-center justify-between"">"
"C:\Users\Lynn\lesson-spark-usa\src\components\help\VideoModal.tsx","118","          <p className=""text-sm text-slate-600"">"
"C:\Users\Lynn\lesson-spark-usa\src\components\landing\BaptistIdentitySection.tsx","22","                <Heart className=""h-6 w-6 sm:h-7 sm:w-7 text-white"" />"
"C:\Users\Lynn\lesson-spark-usa\src\components\landing\BaptistIdentitySection.tsx","34","                <Shield className=""h-6 w-6 sm:h-7 sm:w-7 text-white"" />"
"C:\Users\Lynn\lesson-spark-usa\src\components\landing\BaptistIdentitySection.tsx","46","                <Users className=""h-6 w-6 sm:h-7 sm:w-7 text-white"" />"
"C:\Users\Lynn\lesson-spark-usa\src\components\landing\FeaturesSection.tsx","82","                  <div className={`flex h-11 w-11 sm:h-12 sm:w-12 items-center justify-center rounded-lg ${feature.gradient} text-white group-hover:scale-110 transition-transform duration-300 shrink-0`}>"
"C:\Users\Lynn\lesson-spark-usa\src\components\landing\HeroSection.tsx","46","            <Badge className=""bg-gradient-to-r from-secondary to-warning text-white px-3 py-1 text-xs sm:text-sm font-semibold inline-block"">"
"C:\Users\Lynn\lesson-spark-usa\src\components\landing\HeroSection.tsx","131","                      <Sparkles className=""h-3 w-3 sm:h-3.5 sm:w-3.5 lg:h-4 lg:w-4 text-white"" />"
"C:\Users\Lynn\lesson-spark-usa\src\components\landing\HeroSection.tsx","145","                      <BookOpen className=""h-3 w-3 sm:h-3.5 sm:w-3.5 lg:h-4 lg:w-4 text-white"" />"
"C:\Users\Lynn\lesson-spark-usa\src\components\landing\HowItWorksSection.tsx","7","      icon: <Upload className=""h-6 w-6 sm:h-7 sm:w-7 text-white"" />,"
"C:\Users\Lynn\lesson-spark-usa\src\components\landing\HowItWorksSection.tsx","17","      icon: <Sparkles className=""h-6 w-6 sm:h-7 sm:w-7 text-white"" />,"
"C:\Users\Lynn\lesson-spark-usa\src\components\landing\HowItWorksSection.tsx","27","      icon: <FileText className=""h-6 w-6 sm:h-7 sm:w-7 text-white"" />,"
"C:\Users\Lynn\lesson-spark-usa\src\components\landing\HowItWorksSection.tsx","59","                <div className=""px-4 py-1.5 rounded-full bg-secondary text-white text-xs sm:text-sm font-bold shadow-md"">"
"C:\Users\Lynn\lesson-spark-usa\src\components\landing\PricingSection.tsx","173","              <Badge className=""bg-amber-500 text-white px-4 py-1.5 rounded-b-lg text-xs sm:text-sm font-semibold shadow-md"">"
"C:\Users\Lynn\lesson-spark-usa\src\components\notifications\NotificationsDropdown.tsx","77","        <div className=""absolute right-0 mt-2 w-80 rounded-xl border bg-white dark:bg-gray-900 shadow-lg z-[70]"">"
"C:\Users\Lynn\lesson-spark-usa\src\components\organization\OrganizationSetup.tsx","286","                  <User className=""h-8 w-8 text-white"" />"
"C:\Users\Lynn\lesson-spark-usa\src\components\setup\SetupChecklist.tsx","193","            <BookOpen className=""h-8 w-8 text-white"" />"
"C:\Users\Lynn\lesson-spark-usa\src\components\setup\SetupChecklist.tsx","222","              <BookOpen className=""h-7 w-7 sm:h-8 sm:w-8 text-white"" />"
"C:\Users\Lynn\lesson-spark-usa\src\components\setup\SetupChecklist.tsx","263","                        ? ""bg-success text-white"" "
"C:\Users\Lynn\lesson-spark-usa\src\components\setup\SetupChecklist.tsx","344","              <div className=""flex h-12 w-12 items-center justify-center rounded-full bg-success text-white mx-auto mb-3"">"
"C:\Users\Lynn\lesson-spark-usa\src\components\subscription\SubscriptionManagement.tsx","64","      return <Badge className=""bg-gray-500"">Canceled</Badge>;"
"C:\Users\Lynn\lesson-spark-usa\src\components\subscription\SubscriptionManagement.tsx","66","    return <Badge className=""bg-gray-500"">{status || 'Free'}</Badge>;"
"C:\Users\Lynn\lesson-spark-usa\src\components\subscription\SubscriptionManagement.tsx","109","          <div className=""mt-2 h-2 bg-gray-200 rounded-full overflow-hidden"">"
"C:\Users\Lynn\lesson-spark-usa\src\components\subscription\UpgradePromptModal.tsx","103","            <p className=""text-sm text-slate-700"">"
"C:\Users\Lynn\lesson-spark-usa\src\components\subscription\UpgradePromptModal.tsx","106","            <p className=""text-sm text-slate-600 mt-2"">"
"C:\Users\Lynn\lesson-spark-usa\src\components\subscription\UpgradePromptModal.tsx","146","          <div className=""border rounded-lg p-4 bg-gray-50"">"
"C:\Users\Lynn\lesson-spark-usa\src\components\subscription\UpgradePromptModal.tsx","150","              <p className=""text-sm text-gray-500"">Your current plan</p>"
"C:\Users\Lynn\lesson-spark-usa\src\components\subscription\UpgradePromptModal.tsx","162","                <li key={section} className=""flex items-center gap-2 text-gray-600"">"
"C:\Users\Lynn\lesson-spark-usa\src\components\subscription\UpgradePromptModal.tsx","168","                <li key={section} className=""flex items-center gap-2 text-gray-400"">"
"C:\Users\Lynn\lesson-spark-usa\src\components\subscription\UpgradePromptModal.tsx","173","              <li className=""text-gray-400 text-xs ml-6"">"
"C:\Users\Lynn\lesson-spark-usa\src\components\subscription\UpgradePromptModal.tsx","189","                <span className=""text-sm text-gray-500"">/month</span>"
"C:\Users\Lynn\lesson-spark-usa\src\components\subscription\UpgradePromptModal.tsx","229","                  : 'text-gray-600 hover:text-gray-900'"
"C:\Users\Lynn\lesson-spark-usa\src\components\subscription\UpgradePromptModal.tsx","239","                  : 'text-gray-600 hover:text-gray-900'"
"C:\Users\Lynn\lesson-spark-usa\src\components\subscription\UpgradePromptModal.tsx","273","        <p className=""text-xs text-center text-gray-500 mt-2"">"
"C:\Users\Lynn\lesson-spark-usa\src\components\subscription\UsageDisplay.tsx","35","      <div className=""animate-pulse bg-gray-100 rounded-lg p-4"">"
"C:\Users\Lynn\lesson-spark-usa\src\components\subscription\UsageDisplay.tsx","36","        <div className=""h-4 bg-gray-200 rounded w-1/2 mb-2""></div>"
"C:\Users\Lynn\lesson-spark-usa\src\components\subscription\UsageDisplay.tsx","37","        <div className=""h-2 bg-gray-200 rounded w-full""></div>"
"C:\Users\Lynn\lesson-spark-usa\src\components\subscription\UsageDisplay.tsx","61","          className={isFreeTier ? ""bg-gray-100"" : ""bg-sky-100 text-sky-700""}"
"C:\Users\Lynn\lesson-spark-usa\src\components\subscription\UsageDisplay.tsx","65","        <span className={`text-sm ${isAtLimit ? 'text-red-600 font-medium' : 'text-gray-600'}`}>"
"C:\Users\Lynn\lesson-spark-usa\src\components\subscription\UsageDisplay.tsx","86","      'border-gray-200 bg-white'"
"C:\Users\Lynn\lesson-spark-usa\src\components\subscription\UsageDisplay.tsx","92","            className={isFreeTier ? ""bg-gray-100"" : ""bg-sky-100 text-sky-700""}"
"C:\Users\Lynn\lesson-spark-usa\src\components\subscription\UsageDisplay.tsx","118","          <span className={isAtLimit ? 'text-red-700 font-medium' : 'text-gray-600'}>"
"C:\Users\Lynn\lesson-spark-usa\src\components\subscription\UsageDisplay.tsx","121","          <span className=""text-gray-500"">"
"C:\Users\Lynn\lesson-spark-usa\src\components\subscription\UsageDisplay.tsx","135","      <div className=""flex items-center gap-1 mt-2 text-xs text-gray-500"">"
"C:\Users\Lynn\lesson-spark-usa\src\components\subscription\UsageDisplay.tsx","141","        <div className=""mt-3 p-3 bg-white rounded-md border border-red-200"">"
"C:\Users\Lynn\lesson-spark-usa\src\components\subscription\UsageDisplay.tsx","148","              <p className=""text-gray-600 mt-1"">"
"C:\Users\Lynn\lesson-spark-usa\src\components\ui\button.tsx","20","        hero: ""bg-gradient-hero text-white hover:scale-105 shadow-glow hover:shadow-lg active:scale-[0.98] font-semibold"","
"C:\Users\Lynn\lesson-spark-usa\src\components\ui\chart.tsx","48","          ""flex aspect-video justify-center text-xs [&_.recharts-cartesian-axis-tick_text]:fill-muted-foreground [&_.recharts-cartesian-grid_line[stroke='#ccc']]:stroke-border/50 [&_.recharts-curve.recharts-tooltip-cursor]:stroke-border [&_.recharts-dot[stroke='#fff']]:stroke-transparent [&_.recharts-layer]:outline-none [&_.recharts-polar-grid_[stroke='#ccc']]:stroke-border [&_.recharts-radial-bar-background-sector]:fill-muted [&_.recharts-rectangle.recharts-tooltip-cursor]:fill-muted [&_.recharts-reference-line_[stroke='#ccc']]:stroke-border [&_.recharts-sector[stroke='#fff']]:stroke-transparent [&_.recharts-sector]:outline-none [&_.recharts-surface]:outline-none"","
"C:\Users\Lynn\lesson-spark-usa\src\components\DevotionalGenerator.tsx","340","            .passage { color: #666; font-style: italic; margin-bottom: 24px; }"
"C:\Users\Lynn\lesson-spark-usa\src\components\DevotionalGenerator.tsx","341","            h2 { font-size: 18px; margin-top: 24px; margin-bottom: 12px; color: #333; }"
"C:\Users\Lynn\lesson-spark-usa\src\components\DevotionalGenerator.tsx","344","            .footer { margin-top: 40px; padding-top: 20px; border-top: 1px solid #ccc; font-size: 12px; color: #666; }"
"C:\Users\Lynn\lesson-spark-usa\src\components\Footer.tsx","28","                <Sparkles className=""h-3.5 w-3.5 sm:h-4 sm:w-4 text-white"" />"
"C:\Users\Lynn\lesson-spark-usa\src\components\Header.tsx","94","              <BookOpen className=""h-4 w-4 sm:h-5 sm:w-5 text-white"" />"
"C:\Users\Lynn\lesson-spark-usa\src\components\Header.tsx","125","                      <User className=""h-3.5 w-3.5 sm:h-4 sm:w-4 text-white"" />"
"C:\Users\Lynn\lesson-spark-usa\src\components\MaintenanceWrapper.tsx","25","      <div className=""min-h-screen flex items-center justify-center bg-gray-50"">"
"C:\Users\Lynn\lesson-spark-usa\src\components\MaintenanceWrapper.tsx","28","          <h1 className=""text-2xl font-bold text-gray-900 mb-4"">"
"C:\Users\Lynn\lesson-spark-usa\src\components\MaintenanceWrapper.tsx","31","          <p className=""text-gray-600 mb-6"">"
"C:\Users\Lynn\lesson-spark-usa\src\components\MaintenanceWrapper.tsx","34","          <p className=""text-sm text-gray-500"">"
"C:\Users\Lynn\lesson-spark-usa\src\components\ProtectedRoute.tsx","28","                <BookOpen className=""h-5 w-5 text-white animate-pulse"" />"
"C:\Users\Lynn\lesson-spark-usa\src\components\PublicBetaPromptBanner.tsx","157","              <Rocket className=""h-5 w-5 text-white"" />"
"C:\Users\Lynn\lesson-spark-usa\src\config\branding.ts","28"," * @param hex - Hex color string (e.g., ""#3D5C3D"" or ""3D5C3D"")"
"C:\Users\Lynn\lesson-spark-usa\src\config\branding.ts","290","      DEFAULT: ""#3D5C3D"",  // Forest green - main"
"C:\Users\Lynn\lesson-spark-usa\src\config\branding.ts","291","      light: ""#4A7A4A"",    // Lighter forest green"
"C:\Users\Lynn\lesson-spark-usa\src\config\branding.ts","292","      dark: ""#2D4A2D"",     // Darker forest green"
"C:\Users\Lynn\lesson-spark-usa\src\config\branding.ts","293","      foreground: ""#FFFEF9"", // Text on primary background"
"C:\Users\Lynn\lesson-spark-usa\src\config\branding.ts","301","      DEFAULT: ""#D4A74B"",  // Antique gold - main"
"C:\Users\Lynn\lesson-spark-usa\src\config\branding.ts","302","      light: ""#E4BE6A"",    // Lighter gold"
"C:\Users\Lynn\lesson-spark-usa\src\config\branding.ts","303","      dark: ""#B8923E"",     // Deeper gold"
"C:\Users\Lynn\lesson-spark-usa\src\config\branding.ts","304","      foreground: ""#2D2D2D"", // Text on secondary background"
"C:\Users\Lynn\lesson-spark-usa\src\config\branding.ts","312","      DEFAULT: ""#C9A754"",  // Deep gold"
"C:\Users\Lynn\lesson-spark-usa\src\config\branding.ts","313","      light: ""#DBBF6E"",    // Light gold"
"C:\Users\Lynn\lesson-spark-usa\src\config\branding.ts","314","      dark: ""#A88B3D"",     // Dark gold"
"C:\Users\Lynn\lesson-spark-usa\src\config\branding.ts","315","      foreground: ""#2D2D2D"", // Text on accent background"
"C:\Users\Lynn\lesson-spark-usa\src\config\branding.ts","323","      DEFAULT: ""#661A33"",  // Deep burgundy"
"C:\Users\Lynn\lesson-spark-usa\src\config\branding.ts","324","      light: ""#995266"",    // Muted burgundy"
"C:\Users\Lynn\lesson-spark-usa\src\config\branding.ts","325","      dark: ""#4D1426"",     // Darker burgundy"
"C:\Users\Lynn\lesson-spark-usa\src\config\branding.ts","326","      hover: ""#8C3352"",    // Wine - hover states"
"C:\Users\Lynn\lesson-spark-usa\src\config\branding.ts","333","      primary: ""#FFFEF9"",    // Warm cream (main background)"
"C:\Users\Lynn\lesson-spark-usa\src\config\branding.ts","334","      secondary: ""#FAF8F3"",  // Slightly darker cream"
"C:\Users\Lynn\lesson-spark-usa\src\config\branding.ts","335","      dark: ""#2D4A2D"",       // Dark forest green (for dark mode)"
"C:\Users\Lynn\lesson-spark-usa\src\config\branding.ts","342","      primary: ""#2D2D2D"",    // Dark charcoal"
"C:\Users\Lynn\lesson-spark-usa\src\config\branding.ts","343","      secondary: ""#5C5C5C"",  // Medium gray"
"C:\Users\Lynn\lesson-spark-usa\src\config\branding.ts","344","      light: ""#8A8A8A"",      // Light gray"
"C:\Users\Lynn\lesson-spark-usa\src\config\branding.ts","345","      inverse: ""#FFFEF9"",    // Cream for dark backgrounds"
"C:\Users\Lynn\lesson-spark-usa\src\config\branding.ts","352","      DEFAULT: ""#FFFFFF"",    // White cards"
"C:\Users\Lynn\lesson-spark-usa\src\config\branding.ts","353","      foreground: ""#2D2D2D"", // Card text"
"C:\Users\Lynn\lesson-spark-usa\src\config\branding.ts","357","      DEFAULT: ""#F5F3EE"",    // Warm muted background"
"C:\Users\Lynn\lesson-spark-usa\src\config\branding.ts","358","      foreground: ""#5C5C5C"", // Muted text"
"C:\Users\Lynn\lesson-spark-usa\src\config\branding.ts","361","    border: ""#E8E4DB"",       // Warm border color"
"C:\Users\Lynn\lesson-spark-usa\src\config\branding.ts","362","    input: ""#E8E4DB"",        // Input border color"
"C:\Users\Lynn\lesson-spark-usa\src\config\branding.ts","363","    ring: ""#3D5C3D"",         // Focus ring (primary)"
"C:\Users\Lynn\lesson-spark-usa\src\config\branding.ts","396","    legalPageCard: ""max-w-4xl mx-auto bg-white rounded-lg shadow-lg p-4 sm:p-6 lg:p-8"","
"C:\Users\Lynn\lesson-spark-usa\src\config\branding.ts","567","      textColor: 'text-white',"
"C:\Users\Lynn\lesson-spark-usa\src\config\branding.ts","597","      headerBackground: ""#3D5C3D"","
"C:\Users\Lynn\lesson-spark-usa\src\config\branding.ts","598","      headerTextColor: ""#FFFFFF"","
"C:\Users\Lynn\lesson-spark-usa\src\config\branding.ts","599","      bodyBackground: ""#FAF8F3"","
"C:\Users\Lynn\lesson-spark-usa\src\config\branding.ts","600","      contentBackground: ""#FFFFFF"","
"C:\Users\Lynn\lesson-spark-usa\src\config\branding.ts","601","      textColor: ""#2D2D2D"","
"C:\Users\Lynn\lesson-spark-usa\src\config\branding.ts","602","      mutedTextColor: ""#5C5C5C"","
"C:\Users\Lynn\lesson-spark-usa\src\config\branding.ts","603","      linkColor: ""#3D5C3D"","
"C:\Users\Lynn\lesson-spark-usa\src\config\branding.ts","604","      buttonBackground: ""#3D5C3D"","
"C:\Users\Lynn\lesson-spark-usa\src\config\branding.ts","605","      buttonTextColor: ""#FFFFFF"","
"C:\Users\Lynn\lesson-spark-usa\src\config\branding.ts","606","      secondaryButtonBackground: ""#D4A74B"","
"C:\Users\Lynn\lesson-spark-usa\src\config\branding.ts","607","      secondaryButtonTextColor: ""#2D2D2D"","
"C:\Users\Lynn\lesson-spark-usa\src\config\branding.ts","608","      footerBackground: ""#FAF8F3"","
"C:\Users\Lynn\lesson-spark-usa\src\config\branding.ts","609","      footerTextColor: ""#5C5C5C"","
"C:\Users\Lynn\lesson-spark-usa\src\config\branding.ts","610","      borderColor: ""#E5E2D9"","
"C:\Users\Lynn\lesson-spark-usa\src\config\branding.ts","1254","    container: `max-width: 600px; margin: 0 auto; background-color: ${s.contentBackground}; border-radius: ${s.borderRadius}; overflow: hidden; box-shadow: 0 1px 3px rgba(0,0,0,0.1);`,"
"C:\Users\Lynn\lesson-spark-usa\src\config\footerLinks.ts","3","    features: ""/#features"","
"C:\Users\Lynn\lesson-spark-usa\src\config\tenantConfig.ts","285","    { value: ""#2563EB"", label: ""Baptist Blue"" },"
"C:\Users\Lynn\lesson-spark-usa\src\config\tenantConfig.ts","286","    { value: ""#059669"", label: ""Ministry Green"" },"
"C:\Users\Lynn\lesson-spark-usa\src\config\tenantConfig.ts","287","    { value: ""#7C3AED"", label: ""Royal Purple"" },"
"C:\Users\Lynn\lesson-spark-usa\src\config\tenantConfig.ts","288","    { value: ""#DC2626"", label: ""Classic Red"" },"
"C:\Users\Lynn\lesson-spark-usa\src\config\tenantConfig.ts","292","    { value: ""#1F2937"", label: ""Charcoal"" },"
"C:\Users\Lynn\lesson-spark-usa\src\config\tenantConfig.ts","293","    { value: ""#374151"", label: ""Slate"" },"
"C:\Users\Lynn\lesson-spark-usa\src\config\tenantConfig.ts","294","    { value: ""#1E3A5F"", label: ""Navy"" },"
"C:\Users\Lynn\lesson-spark-usa\src\config\tenantConfig.ts","295","    { value: ""#064E3B"", label: ""Forest"" },"
"C:\Users\Lynn\lesson-spark-usa\src\config\tenantConfig.ts","579","  if (!isValidHexColor(config.branding.primaryColor)) errors.push(""Primary color must be a valid hex color (e.g., #3D5C3D)"");"
"C:\Users\Lynn\lesson-spark-usa\src\config\tenantConfig.ts","580","  if (!isValidHexColor(config.branding.secondaryColor)) errors.push(""Secondary color must be a valid hex color (e.g., #1F2937)"");"
"C:\Users\Lynn\lesson-spark-usa\src\constants\feedbackConfig.ts","88","  questionClass: 'text-sm font-medium text-gray-700',"
"C:\Users\Lynn\lesson-spark-usa\src\constants\feedbackConfig.ts","89","  descriptionClass: 'text-xs text-gray-500 mt-1',"
"C:\Users\Lynn\lesson-spark-usa\src\constants\feedbackConfig.ts","90","  starActiveColor: '#f59e0b',"
"C:\Users\Lynn\lesson-spark-usa\src\constants\feedbackConfig.ts","91","  starInactiveColor: '#d1d5db',"
"C:\Users\Lynn\lesson-spark-usa\src\constants\feedbackConfig.ts","93","  npsSelectedClass: 'bg-primary text-white border-primary',"
"C:\Users\Lynn\lesson-spark-usa\src\constants\feedbackConfig.ts","94","  npsUnselectedClass: 'bg-white text-gray-600 border-gray-300 hover:border-primary',"
"C:\Users\Lynn\lesson-spark-usa\src\constants\formConfig.ts","17","  autocompleteDropdown: ""absolute z-50 mt-1 max-h-48 w-full overflow-auto rounded-md border bg-white shadow-lg"","
"C:\Users\Lynn\lesson-spark-usa\src\constants\formConfig.ts","18","  autocompleteItem: ""cursor-pointer px-3 py-2 hover:bg-gray-100"","
"C:\Users\Lynn\lesson-spark-usa\src\constants\metricsViewerConfig.ts","141","    unknown: 'bg-gray-400',"
"C:\Users\Lynn\lesson-spark-usa\src\constants\securityConfig.ts","191","    default: return 'text-gray-600 bg-gray-50';"
"C:\Users\Lynn\lesson-spark-usa\src\constants\tenantConfig.ts","285","    { value: ""#2563EB"", label: ""Baptist Blue"" },"
"C:\Users\Lynn\lesson-spark-usa\src\constants\tenantConfig.ts","286","    { value: ""#059669"", label: ""Ministry Green"" },"
"C:\Users\Lynn\lesson-spark-usa\src\constants\tenantConfig.ts","287","    { value: ""#7C3AED"", label: ""Royal Purple"" },"
"C:\Users\Lynn\lesson-spark-usa\src\constants\tenantConfig.ts","288","    { value: ""#DC2626"", label: ""Classic Red"" },"
"C:\Users\Lynn\lesson-spark-usa\src\constants\tenantConfig.ts","292","    { value: ""#1F2937"", label: ""Charcoal"" },"
"C:\Users\Lynn\lesson-spark-usa\src\constants\tenantConfig.ts","293","    { value: ""#374151"", label: ""Slate"" },"
"C:\Users\Lynn\lesson-spark-usa\src\constants\tenantConfig.ts","294","    { value: ""#1E3A5F"", label: ""Navy"" },"
"C:\Users\Lynn\lesson-spark-usa\src\constants\tenantConfig.ts","295","    { value: ""#064E3B"", label: ""Forest"" },"
"C:\Users\Lynn\lesson-spark-usa\src\constants\tenantConfig.ts","579","  if (!isValidHexColor(config.branding.primaryColor)) errors.push(""Primary color must be a valid hex color (e.g., #3D5C3D)"");"
"C:\Users\Lynn\lesson-spark-usa\src\constants\tenantConfig.ts","580","  if (!isValidHexColor(config.branding.secondaryColor)) errors.push(""Secondary color must be a valid hex color (e.g., #1F2937)"");"
"C:\Users\Lynn\lesson-spark-usa\src\hooks\useBranding.ts","69","    primary: { DEFAULT: ""#4F46E5"", light: ""#818CF8"", dark: ""#3730A3"" },"
"C:\Users\Lynn\lesson-spark-usa\src\hooks\useBranding.ts","70","    secondary: { DEFAULT: ""#10B981"", light: ""#34D399"", dark: ""#059669"" },"
"C:\Users\Lynn\lesson-spark-usa\src\hooks\useBranding.ts","71","    accent: { DEFAULT: ""#F59E0B"", light: ""#FBBF24"", dark: ""#D97706"" },"
"C:\Users\Lynn\lesson-spark-usa\src\hooks\useBranding.ts","72","    success: ""#22C55E"","
"C:\Users\Lynn\lesson-spark-usa\src\hooks\useBranding.ts","73","    warning: ""#F59E0B"","
"C:\Users\Lynn\lesson-spark-usa\src\hooks\useBranding.ts","74","    error: ""#EF4444"","
"C:\Users\Lynn\lesson-spark-usa\src\hooks\useBranding.ts","75","    info: ""#3B82F6"","
"C:\Users\Lynn\lesson-spark-usa\src\hooks\useBranding.ts","76","    background: { primary: ""#FFFFFF"", secondary: ""#F9FAFB"", dark: ""#111827"" },"
"C:\Users\Lynn\lesson-spark-usa\src\hooks\useBranding.ts","77","    text: { primary: ""#111827"", secondary: ""#6B7280"", light: ""#9CA3AF"", inverse: ""#FFFFFF"" },"
"C:\Users\Lynn\lesson-spark-usa\src\hooks\useBranding.ts","131","      headerBackground: ""#4F46E5"","
"C:\Users\Lynn\lesson-spark-usa\src\hooks\useBranding.ts","132","      headerTextColor: ""#FFFFFF"","
"C:\Users\Lynn\lesson-spark-usa\src\hooks\useBranding.ts","133","      bodyBackground: ""#F9FAFB"","
"C:\Users\Lynn\lesson-spark-usa\src\hooks\useBranding.ts","134","      contentBackground: ""#FFFFFF"","
"C:\Users\Lynn\lesson-spark-usa\src\hooks\useBranding.ts","135","      textColor: ""#111827"","
"C:\Users\Lynn\lesson-spark-usa\src\hooks\useBranding.ts","136","      mutedTextColor: ""#6B7280"","
"C:\Users\Lynn\lesson-spark-usa\src\hooks\useBranding.ts","137","      linkColor: ""#4F46E5"","
"C:\Users\Lynn\lesson-spark-usa\src\hooks\useBranding.ts","138","      buttonBackground: ""#4F46E5"","
"C:\Users\Lynn\lesson-spark-usa\src\hooks\useBranding.ts","139","      buttonTextColor: ""#FFFFFF"","
"C:\Users\Lynn\lesson-spark-usa\src\hooks\useBranding.ts","140","      secondaryButtonBackground: ""#E5E7EB"","
"C:\Users\Lynn\lesson-spark-usa\src\hooks\useBranding.ts","141","      secondaryButtonTextColor: ""#374151"","
"C:\Users\Lynn\lesson-spark-usa\src\hooks\useBranding.ts","142","      footerBackground: ""#F3F4F6"","
"C:\Users\Lynn\lesson-spark-usa\src\hooks\useBranding.ts","143","      footerTextColor: ""#6B7280"","
"C:\Users\Lynn\lesson-spark-usa\src\hooks\useBranding.ts","144","      borderColor: ""#E5E7EB"","
"C:\Users\Lynn\lesson-spark-usa\src\pages\legal\Cookie.tsx","14","              <CookieIcon className=""h-8 w-8 text-white"" />"
"C:\Users\Lynn\lesson-spark-usa\src\pages\404.tsx","11","            <AlertCircle className=""h-10 w-10 text-white"" />"
"C:\Users\Lynn\lesson-spark-usa\src\pages\Admin.tsx","187","            <Shield className=""h-5 w-5 sm:h-6 sm:w-6 text-white"" />"
"C:\Users\Lynn\lesson-spark-usa\src\pages\AdminBetaMetrics.tsx","101","          <p className=""text-gray-600"">Loading...</p>"
"C:\Users\Lynn\lesson-spark-usa\src\pages\AdminBetaMetrics.tsx","119","          <p className=""text-gray-600 mt-2"">BibleLessonSpark Beta Program Dashboard</p>"
"C:\Users\Lynn\lesson-spark-usa\src\pages\AdminBetaMetrics.tsx","131","              <p className=""text-xs text-gray-600 mt-1"">{activeTesters} active</p>"
"C:\Users\Lynn\lesson-spark-usa\src\pages\AdminBetaMetrics.tsx","142","              <p className=""text-xs text-gray-600 mt-1"">"
"C:\Users\Lynn\lesson-spark-usa\src\pages\AdminBetaMetrics.tsx","155","              <p className=""text-xs text-gray-600 mt-1"">out of 5 stars</p>"
"C:\Users\Lynn\lesson-spark-usa\src\pages\AdminBetaMetrics.tsx","166","              <p className=""text-xs text-gray-600 mt-1"">{followupCount} want follow-up</p>"
"C:\Users\Lynn\lesson-spark-usa\src\pages\AdminBetaMetrics.tsx","210","                              : ""bg-gray-100 text-gray-800"""
"C:\Users\Lynn\lesson-spark-usa\src\pages\AdminBetaMetrics.tsx","246","                                : ""text-gray-300"""
"C:\Users\Lynn\lesson-spark-usa\src\pages\AdminBetaMetrics.tsx","257","                            : ""bg-gray-100 text-gray-800"""
"C:\Users\Lynn\lesson-spark-usa\src\pages\AdminBetaMetrics.tsx","263","                    <span className=""text-xs text-gray-500"">"
"C:\Users\Lynn\lesson-spark-usa\src\pages\AdminBetaMetrics.tsx","267","                  <p className=""text-gray-700"">{item.feedback_text}</p>"
"C:\Users\Lynn\lesson-spark-usa\src\pages\AdminBetaMetrics.tsx","274","                <p className=""text-gray-500 text-center py-4"">No feedback received yet</p>"
"C:\Users\Lynn\lesson-spark-usa\src\pages\Auth.tsx","371","                <BookOpen className=""h-5 w-5 sm:h-6 sm:w-6 text-white"" />"
"C:\Users\Lynn\lesson-spark-usa\src\pages\Auth.tsx","459","                <BookOpen className=""h-5 w-5 sm:h-6 sm:w-6 text-white"" />"
"C:\Users\Lynn\lesson-spark-usa\src\pages\Auth.tsx","547","              <BookOpen className=""h-5 w-5 sm:h-6 sm:w-6 text-white"" />"
"C:\Users\Lynn\lesson-spark-usa\src\pages\BetaSignup.tsx","272","            <div className=""mt-6 text-center text-sm text-gray-600"">"
"C:\Users\Lynn\lesson-spark-usa\src\pages\Community.tsx","115","              <Users className=""h-8 w-8 text-white"" />"
"C:\Users\Lynn\lesson-spark-usa\src\pages\Community.tsx","255","            <Sparkles className=""h-6 w-6 text-white"" />"
"C:\Users\Lynn\lesson-spark-usa\src\pages\Dashboard.tsx","204","                <UserCircle className=""h-5 w-5 text-white"" />"
"C:\Users\Lynn\lesson-spark-usa\src\pages\Dashboard.tsx","242","                  <BookOpen className=""h-4 w-4 sm:h-5 sm:w-5 text-white"" />"
"C:\Users\Lynn\lesson-spark-usa\src\pages\Dashboard.tsx","255","                  <Sparkles className=""h-4 w-4 sm:h-5 sm:w-5 text-white"" />"
"C:\Users\Lynn\lesson-spark-usa\src\pages\Dashboard.tsx","304","                      className=""bg-blue-600 hover:bg-blue-700 text-white"""
"C:\Users\Lynn\lesson-spark-usa\src\pages\Dashboard.tsx","369","          className=""fixed bottom-4 left-4 h-12 w-12 rounded-full bg-blue-600 hover:bg-blue-700 text-white shadow-lg z-40"""
"C:\Users\Lynn\lesson-spark-usa\src\pages\Docs.tsx","208","              <BookOpen className=""h-7 w-7 text-white"" />"
"C:\Users\Lynn\lesson-spark-usa\src\pages\Docs.tsx","233","                  <Badge className=""bg-primary text-white"">Step 1</Badge>"
"C:\Users\Lynn\lesson-spark-usa\src\pages\Docs.tsx","245","                  <Badge className=""bg-primary text-white"">Step 2</Badge>"
"C:\Users\Lynn\lesson-spark-usa\src\pages\Docs.tsx","257","                  <Badge className=""bg-primary text-white"">Step 3</Badge>"
"C:\Users\Lynn\lesson-spark-usa\src\pages\Docs.tsx","281","                  <div className=""flex-shrink-0 h-8 w-8 rounded-full bg-primary text-white flex items-center justify-center text-sm font-bold"">1</div>"
"C:\Users\Lynn\lesson-spark-usa\src\pages\Docs.tsx","291","                  <div className=""flex-shrink-0 h-8 w-8 rounded-full bg-primary text-white flex items-center justify-center text-sm font-bold"">2</div>"
"C:\Users\Lynn\lesson-spark-usa\src\pages\Docs.tsx","301","                  <div className=""flex-shrink-0 h-8 w-8 rounded-full bg-primary text-white flex items-center justify-center text-sm font-bold"">3</div>"
"C:\Users\Lynn\lesson-spark-usa\src\pages\Docs.tsx","311","                  <div className=""flex-shrink-0 h-8 w-8 rounded-full bg-primary text-white flex items-center justify-center text-sm font-bold"">4</div>"
"C:\Users\Lynn\lesson-spark-usa\src\pages\Docs.tsx","342","                    <span className=""text-2xl font-bold text-white"">{section.number}</span>"
"C:\Users\Lynn\lesson-spark-usa\src\pages\Help.tsx","176","              <HelpCircle className=""h-8 w-8 text-white"" />"
"C:\Users\Lynn\lesson-spark-usa\src\pages\NotFound.tsx","12","    <div className=""flex min-h-screen items-center justify-center bg-gray-100"">"
"C:\Users\Lynn\lesson-spark-usa\src\pages\NotFound.tsx","15","        <p className=""mb-4 text-xl text-gray-600"">Oops! Page not found</p>"
"C:\Users\Lynn\lesson-spark-usa\src\pages\OrgManager.tsx","121","                <Building2 className=""h-5 w-5 text-white"" />"
"C:\Users\Lynn\lesson-spark-usa\src\pages\OrgManager.tsx","146","                  <Users className=""h-4 w-4 sm:h-5 sm:w-5 text-white"" />"
"C:\Users\Lynn\lesson-spark-usa\src\pages\OrgManager.tsx","160","                  <BookOpen className=""h-4 w-4 sm:h-5 sm:w-5 text-white"" />"
"C:\Users\Lynn\lesson-spark-usa\src\pages\OrgManager.tsx","174","                  <Building2 className=""h-4 w-4 sm:h-5 sm:w-5 text-white"" />"
"C:\Users\Lynn\lesson-spark-usa\src\pages\PreferencesLens.tsx","88","                <BookOpen className=""h-8 w-8 text-white"" />"
"C:\Users\Lynn\lesson-spark-usa\src\pages\PreferencesLens.tsx","114","                      <CheckCircle2 className=""h-4 w-4 text-white"" />"
"C:\Users\Lynn\lesson-spark-usa\src\pages\PrivacyPolicy.tsx","22","        <h1 className=""text-2xl sm:text-3xl font-bold text-gray-900 mb-4 sm:mb-6"">Privacy Policy</h1>"
"C:\Users\Lynn\lesson-spark-usa\src\pages\PrivacyPolicy.tsx","23","        <p className=""text-sm text-gray-600 mb-8"">Last Updated: November 25, 2025</p>"
"C:\Users\Lynn\lesson-spark-usa\src\pages\PrivacyPolicy.tsx","27","            <h2 className=""text-xl sm:text-2xl font-semibold text-gray-900 mb-3"">Introduction</h2>"
"C:\Users\Lynn\lesson-spark-usa\src\pages\PrivacyPolicy.tsx","28","            <p className=""text-gray-700"">"
"C:\Users\Lynn\lesson-spark-usa\src\pages\PrivacyPolicy.tsx","36","            <h2 className=""text-xl sm:text-2xl font-semibold text-gray-900 mb-3"">Information We Collect</h2>"
"C:\Users\Lynn\lesson-spark-usa\src\pages\PrivacyPolicy.tsx","38","            <h3 className=""text-lg sm:text-xl font-semibold text-gray-800 mb-2"">Account Information</h3>"
"C:\Users\Lynn\lesson-spark-usa\src\pages\PrivacyPolicy.tsx","39","            <ul className=""list-disc pl-6 text-gray-700 space-y-1"">"
"C:\Users\Lynn\lesson-spark-usa\src\pages\PrivacyPolicy.tsx","45","            <h3 className=""text-lg sm:text-xl font-semibold text-gray-800 mb-2 mt-4"">Generated Content</h3>"
"C:\Users\Lynn\lesson-spark-usa\src\pages\PrivacyPolicy.tsx","46","            <ul className=""list-disc pl-6 text-gray-700 space-y-1"">"
"C:\Users\Lynn\lesson-spark-usa\src\pages\PrivacyPolicy.tsx","52","            <h3 className=""text-lg sm:text-xl font-semibold text-gray-800 mb-2 mt-4"">Usage Information</h3>"
"C:\Users\Lynn\lesson-spark-usa\src\pages\PrivacyPolicy.tsx","53","            <ul className=""list-disc pl-6 text-gray-700 space-y-1"">"
"C:\Users\Lynn\lesson-spark-usa\src\pages\PrivacyPolicy.tsx","61","            <h2 className=""text-xl sm:text-2xl font-semibold text-gray-900 mb-3"">How We Use Your Information</h2>"
"C:\Users\Lynn\lesson-spark-usa\src\pages\PrivacyPolicy.tsx","62","            <ul className=""list-disc pl-6 text-gray-700 space-y-2"">"
"C:\Users\Lynn\lesson-spark-usa\src\pages\PrivacyPolicy.tsx","72","            <h2 className=""text-xl sm:text-2xl font-semibold text-gray-900 mb-3"">Data Storage and Security</h2>"
"C:\Users\Lynn\lesson-spark-usa\src\pages\PrivacyPolicy.tsx","73","            <p className=""text-gray-700 mb-3"">"
"C:\Users\Lynn\lesson-spark-usa\src\pages\PrivacyPolicy.tsx","76","            <ul className=""list-disc pl-6 text-gray-700 space-y-1"">"
"C:\Users\Lynn\lesson-spark-usa\src\pages\PrivacyPolicy.tsx","85","            <h2 className=""text-xl sm:text-2xl font-semibold text-gray-900 mb-3"">Third-Party Services</h2>"
"C:\Users\Lynn\lesson-spark-usa\src\pages\PrivacyPolicy.tsx","86","            <p className=""text-gray-700 mb-2"">We use the following third-party services:</p>"
"C:\Users\Lynn\lesson-spark-usa\src\pages\PrivacyPolicy.tsx","87","            <ul className=""list-disc pl-6 text-gray-700 space-y-2"">"
"C:\Users\Lynn\lesson-spark-usa\src\pages\PrivacyPolicy.tsx","92","            <p className=""text-gray-700 mt-3"">"
"C:\Users\Lynn\lesson-spark-usa\src\pages\PrivacyPolicy.tsx","99","            <h2 className=""text-xl sm:text-2xl font-semibold text-gray-900 mb-3"">Your Rights</h2>"
"C:\Users\Lynn\lesson-spark-usa\src\pages\PrivacyPolicy.tsx","100","            <p className=""text-gray-700 mb-2"">You have the right to:</p>"
"C:\Users\Lynn\lesson-spark-usa\src\pages\PrivacyPolicy.tsx","101","            <ul className=""list-disc pl-6 text-gray-700 space-y-2"">"
"C:\Users\Lynn\lesson-spark-usa\src\pages\PrivacyPolicy.tsx","111","            <h2 className=""text-xl sm:text-2xl font-semibold text-gray-900 mb-3"">Data Retention</h2>"
"C:\Users\Lynn\lesson-spark-usa\src\pages\PrivacyPolicy.tsx","112","            <p className=""text-gray-700"">"
"C:\Users\Lynn\lesson-spark-usa\src\pages\PrivacyPolicy.tsx","120","            <h2 className=""text-xl sm:text-2xl font-semibold text-gray-900 mb-3"">Children's Privacy</h2>"
"C:\Users\Lynn\lesson-spark-usa\src\pages\PrivacyPolicy.tsx","121","            <p className=""text-gray-700"">"
"C:\Users\Lynn\lesson-spark-usa\src\pages\PrivacyPolicy.tsx","129","            <h2 className=""text-xl sm:text-2xl font-semibold text-gray-900 mb-3"">Changes to This Policy</h2>"
"C:\Users\Lynn\lesson-spark-usa\src\pages\PrivacyPolicy.tsx","130","            <p className=""text-gray-700"">"
"C:\Users\Lynn\lesson-spark-usa\src\pages\PrivacyPolicy.tsx","138","            <h2 className=""text-xl sm:text-2xl font-semibold text-gray-900 mb-3"">Contact Us</h2>"
"C:\Users\Lynn\lesson-spark-usa\src\pages\PrivacyPolicy.tsx","139","            <p className=""text-gray-700"">"
"C:\Users\Lynn\lesson-spark-usa\src\pages\PrivacyPolicy.tsx","143","            <p className=""text-gray-700 mt-2"">"
"C:\Users\Lynn\lesson-spark-usa\src\pages\Settings.tsx","84","        <h1 className=""text-3xl font-bold text-gray-900 mb-6"">Account Settings</h1>"
"C:\Users\Lynn\lesson-spark-usa\src\pages\Setup.tsx","154","              <BookOpen className=""h-8 w-8 text-white"" />"
"C:\Users\Lynn\lesson-spark-usa\src\pages\TermsOfService.tsx","22","        <h1 className=""text-2xl sm:text-3xl font-bold text-gray-900 mb-4 sm:mb-6"">Terms of Service</h1>"
"C:\Users\Lynn\lesson-spark-usa\src\pages\TermsOfService.tsx","23","        <p className=""text-sm text-gray-600 mb-8"">Last Updated: November 25, 2025</p>"
"C:\Users\Lynn\lesson-spark-usa\src\pages\TermsOfService.tsx","27","            <h2 className=""text-xl sm:text-2xl font-semibold text-gray-900 mb-3"">Acceptance of Terms</h2>"
"C:\Users\Lynn\lesson-spark-usa\src\pages\TermsOfService.tsx","28","            <p className=""text-gray-700"">"
"C:\Users\Lynn\lesson-spark-usa\src\pages\TermsOfService.tsx","36","            <h2 className=""text-xl sm:text-2xl font-semibold text-gray-900 mb-3"">Description of Service</h2>"
"C:\Users\Lynn\lesson-spark-usa\src\pages\TermsOfService.tsx","37","            <p className=""text-gray-700"">"
"C:\Users\Lynn\lesson-spark-usa\src\pages\TermsOfService.tsx","45","            <h2 className=""text-xl sm:text-2xl font-semibold text-gray-900 mb-3"">User Accounts</h2>"
"C:\Users\Lynn\lesson-spark-usa\src\pages\TermsOfService.tsx","47","            <h3 className=""text-lg sm:text-xl font-semibold text-gray-800 mb-2"">Account Creation</h3>"
"C:\Users\Lynn\lesson-spark-usa\src\pages\TermsOfService.tsx","48","            <ul className=""list-disc pl-6 text-gray-700 space-y-1"">"
"C:\Users\Lynn\lesson-spark-usa\src\pages\TermsOfService.tsx","55","            <h3 className=""text-lg sm:text-xl font-semibold text-gray-800 mb-2 mt-4"">Account Termination</h3>"
"C:\Users\Lynn\lesson-spark-usa\src\pages\TermsOfService.tsx","56","            <p className=""text-gray-700"">"
"C:\Users\Lynn\lesson-spark-usa\src\pages\TermsOfService.tsx","63","            <h2 className=""text-xl sm:text-2xl font-semibold text-gray-900 mb-3"">Acceptable Use</h2>"
"C:\Users\Lynn\lesson-spark-usa\src\pages\TermsOfService.tsx","65","            <h3 className=""text-lg sm:text-xl font-semibold text-gray-800 mb-2"">You May:</h3>"
"C:\Users\Lynn\lesson-spark-usa\src\pages\TermsOfService.tsx","66","            <ul className=""list-disc pl-6 text-gray-700 space-y-1"">"
"C:\Users\Lynn\lesson-spark-usa\src\pages\TermsOfService.tsx","73","            <h3 className=""text-lg sm:text-xl font-semibold text-gray-800 mb-2 mt-4"">You May Not:</h3>"
"C:\Users\Lynn\lesson-spark-usa\src\pages\TermsOfService.tsx","74","            <ul className=""list-disc pl-6 text-gray-700 space-y-1"">"
"C:\Users\Lynn\lesson-spark-usa\src\pages\TermsOfService.tsx","85","            <h2 className=""text-xl sm:text-2xl font-semibold text-gray-900 mb-3"">Content Ownership and License</h2>"
"C:\Users\Lynn\lesson-spark-usa\src\pages\TermsOfService.tsx","87","            <h3 className=""text-lg sm:text-xl font-semibold text-gray-800 mb-2"">Your Content</h3>"
"C:\Users\Lynn\lesson-spark-usa\src\pages\TermsOfService.tsx","88","            <p className=""text-gray-700"">"
"C:\Users\Lynn\lesson-spark-usa\src\pages\TermsOfService.tsx","93","            <h3 className=""text-lg sm:text-xl font-semibold text-gray-800 mb-2 mt-4"">Platform Content</h3>"
"C:\Users\Lynn\lesson-spark-usa\src\pages\TermsOfService.tsx","94","            <p className=""text-gray-700"">"
"C:\Users\Lynn\lesson-spark-usa\src\pages\TermsOfService.tsx","99","            <h3 className=""text-lg sm:text-xl font-semibold text-gray-800 mb-2 mt-4"">License to Use Generated Content</h3>"
"C:\Users\Lynn\lesson-spark-usa\src\pages\TermsOfService.tsx","100","            <p className=""text-gray-700"">"
"C:\Users\Lynn\lesson-spark-usa\src\pages\TermsOfService.tsx","108","            <h2 className=""text-xl sm:text-2xl font-semibold text-gray-900 mb-3"">Content Disclaimer</h2>"
"C:\Users\Lynn\lesson-spark-usa\src\pages\TermsOfService.tsx","109","            <p className=""text-gray-700 mb-3"">"
"C:\Users\Lynn\lesson-spark-usa\src\pages\TermsOfService.tsx","113","            <ul className=""list-disc pl-6 text-gray-700 space-y-1"">"
"C:\Users\Lynn\lesson-spark-usa\src\pages\TermsOfService.tsx","122","            <h2 className=""text-xl sm:text-2xl font-semibold text-gray-900 mb-3"">Usage Limits</h2>"
"C:\Users\Lynn\lesson-spark-usa\src\pages\TermsOfService.tsx","123","            <p className=""text-gray-700"">"
"C:\Users\Lynn\lesson-spark-usa\src\pages\TermsOfService.tsx","126","            <ul className=""list-disc pl-6 text-gray-700 space-y-1"">"
"C:\Users\Lynn\lesson-spark-usa\src\pages\TermsOfService.tsx","130","            <p className=""text-gray-700 mt-2"">"
"C:\Users\Lynn\lesson-spark-usa\src\pages\TermsOfService.tsx","136","            <h2 className=""text-xl sm:text-2xl font-semibold text-gray-900 mb-3"">Limitation of Liability</h2>"
"C:\Users\Lynn\lesson-spark-usa\src\pages\TermsOfService.tsx","137","            <p className=""text-gray-700"">"
"C:\Users\Lynn\lesson-spark-usa\src\pages\TermsOfService.tsx","146","            <h2 className=""text-xl sm:text-2xl font-semibold text-gray-900 mb-3"">Disclaimer of Warranties</h2>"
"C:\Users\Lynn\lesson-spark-usa\src\pages\TermsOfService.tsx","147","            <p className=""text-gray-700"">"
"C:\Users\Lynn\lesson-spark-usa\src\pages\TermsOfService.tsx","155","            <h2 className=""text-xl sm:text-2xl font-semibold text-gray-900 mb-3"">Indemnification</h2>"
"C:\Users\Lynn\lesson-spark-usa\src\pages\TermsOfService.tsx","156","            <p className=""text-gray-700"">"
"C:\Users\Lynn\lesson-spark-usa\src\pages\TermsOfService.tsx","164","            <h2 className=""text-xl sm:text-2xl font-semibold text-gray-900 mb-3"">Modifications to Service</h2>"
"C:\Users\Lynn\lesson-spark-usa\src\pages\TermsOfService.tsx","165","            <p className=""text-gray-700"">"
"C:\Users\Lynn\lesson-spark-usa\src\pages\TermsOfService.tsx","173","            <h2 className=""text-xl sm:text-2xl font-semibold text-gray-900 mb-3"">Changes to Terms</h2>"
"C:\Users\Lynn\lesson-spark-usa\src\pages\TermsOfService.tsx","174","            <p className=""text-gray-700"">"
"C:\Users\Lynn\lesson-spark-usa\src\pages\TermsOfService.tsx","182","            <h2 className=""text-xl sm:text-2xl font-semibold text-gray-900 mb-3"">Governing Law</h2>"
"C:\Users\Lynn\lesson-spark-usa\src\pages\TermsOfService.tsx","183","            <p className=""text-gray-700"">"
"C:\Users\Lynn\lesson-spark-usa\src\pages\TermsOfService.tsx","190","            <h2 className=""text-xl sm:text-2xl font-semibold text-gray-900 mb-3"">Contact Information</h2>"
"C:\Users\Lynn\lesson-spark-usa\src\pages\TermsOfService.tsx","191","            <p className=""text-gray-700"">"
"C:\Users\Lynn\lesson-spark-usa\src\pages\TermsOfService.tsx","194","            <p className=""text-gray-700 mt-2"">"
"C:\Users\Lynn\lesson-spark-usa\src\pages\Training.tsx","153","              <GraduationCap className=""h-8 w-8 text-white"" />"
"C:\Users\Lynn\lesson-spark-usa\src\utils\formatLessonContent.ts","192","      '<h2 style=""font-size:1.125rem;font-weight:bold;margin-top:1rem;margin-bottom:0.5rem;color:#1e40af;"">$1</h2>'"
"C:\Users\Lynn\lesson-spark-usa\src\utils\formatLessonContent.ts","199","      '<hr style=""margin:1rem 0;border-top:2px solid #d1d5db;"">'"
"C:\Users\Lynn\lesson-spark-usa\src\utils\formatLessonContent.ts","214","  md:[&::-webkit-scrollbar]:w-4 md:[&::-webkit-scrollbar-track]:bg-gray-200"
"C:\Users\Lynn\lesson-spark-usa\src\utils\formatLessonContent.ts","217","  md:[&::-webkit-scrollbar-thumb]:border-gray-200 hover:md:[&::-webkit-scrollbar-thumb]:bg-sky-500"
"C:\Users\Lynn\lesson-spark-usa\src\utils\formatLessonContent.ts","227","  scrollbarColor: ""#38bdf8 #e5e7eb"""
"C:\Users\Lynn\lesson-spark-usa\src\App.css","15","  filter: drop-shadow(0 0 2em #646cffaa);"
"C:\Users\Lynn\lesson-spark-usa\src\App.css","18","  filter: drop-shadow(0 0 2em #61dafbaa);"
"C:\Users\Lynn\lesson-spark-usa\src\App.css","41","  color: #888;"
"C:\Users\Lynn\lesson-spark-usa\src\index.css","13"," *   Primary (Forest Green): #3D5C3D ? 120 20% 30%"
"C:\Users\Lynn\lesson-spark-usa\src\index.css","14"," *   Secondary (Antique Gold): #D4A74B ? 40 61% 56%"
"C:\Users\Lynn\lesson-spark-usa\src\index.css","15"," *   Destructive (Burgundy): #661A33 ? 340 59% 25%"
"C:\Users\Lynn\lesson-spark-usa\src\index.css","26","    /* ===== PRIMARY: Forest Green #3D5C3D ===== */"
"C:\Users\Lynn\lesson-spark-usa\src\index.css","32","    /* ===== SECONDARY: Antique Gold #D4A74B ===== */"
"C:\Users\Lynn\lesson-spark-usa\src\index.css","38","    /* ===== ACCENT: Deep Gold #C9A754 ===== */"
"C:\Users\Lynn\lesson-spark-usa\src\index.css","42","    /* ===== DESTRUCTIVE: Burgundy #661A33 ===== */"
"C:\Users\Lynn\lesson-spark-usa\src\index.css","213","    @apply backdrop-blur-sm bg-white/80 border border-white/20;"
